type,name,module,path,hash
"csv","agent-manifest","_config","_config/agent-manifest.csv","61ec17b11761d848a01059ecc75a5a0077ad86fc057c05609c111e35edd83fcc"
"csv","task-manifest","_config","_config/task-manifest.csv","1ef8d7a48d83e6f7c6da7f2169e28198f3abf08699f3f817258076fe0a2c2ee8"
"csv","workflow-manifest","_config","_config/workflow-manifest.csv","3b76d325e51078ecb5f310cd4d8e30e07b6a100ffbfec68c41128108e14d1819"
"yaml","manifest","_config","_config/manifest.yaml","fec17c2d47bea1c3f171ecb64531ca67f9a774e0e782b04e3bacbb47bba9402e"
"md","documentation-standards","_memory","_memory/tech-writer-sidecar/documentation-standards.md","b046192ee42fcd1a3e9b2ae6911a0db38510323d072c8d75bad0594f943039e4"
"yaml","config","_memory","_memory/config.yaml","1b66c90f18b911b165ed16e9ac15f6117619f25c1b7101d13973f37c6555ed06"
"csv","default-party","bmm","bmm/teams/default-party.csv","5af107a5b9e9092aeb81bd8c8b9bbe7003afb7bc500e64d56da7cc27ae0c4a6e"
"csv","documentation-requirements","bmm","bmm/workflows/document-project/documentation-requirements.csv","d1253b99e88250f2130516b56027ed706e643bfec3d99316727a4c6ec65c6c1d"
"csv","domain-complexity","bmm","bmm/workflows/2-plan-workflows/create-prd/data/domain-complexity.csv","f775f09fb4dc1b9214ca22db4a3994ce53343d976d7f6e5384949835db6d2770"
"csv","domain-complexity","bmm","bmm/workflows/3-solutioning/create-architecture/data/domain-complexity.csv","3dc34ed39f1fc79a51f7b8fc92087edb7cd85c4393a891d220f2e8dd5a101c70"
"csv","module-help","bmm","bmm/module-help.csv","f33b06127908f62ec65645e973392350904af703f90a7361f7f960474a9b7e0a"
"csv","project-types","bmm","bmm/workflows/2-plan-workflows/create-prd/data/project-types.csv","7a01d336e940fb7a59ff450064fd1194cdedda316370d939264a0a0adcc0aca3"
"csv","project-types","bmm","bmm/workflows/3-solutioning/create-architecture/data/project-types.csv","12343635a2f11343edb1d46906981d6f5e12b9cad2f612e13b09460b5e5106e7"
"json","project-scan-report-schema","bmm","bmm/workflows/document-project/templates/project-scan-report-schema.json","8466965321f1db22f5013869636199f67e0113706283c285a7ffbbf5efeea321"
"md","architecture-decision-template","bmm","bmm/workflows/3-solutioning/create-architecture/architecture-decision-template.md","5d9adf90c28df61031079280fd2e49998ec3b44fb3757c6a202cda353e172e9f"
"md","checklist","bmm","bmm/workflows/4-implementation/code-review/checklist.md","e30d2890ba5c50777bbe04071f754e975a1d7ec168501f321a79169c4201dd28"
"md","checklist","bmm","bmm/workflows/4-implementation/correct-course/checklist.md","24a3f3e0108398d490dcfbe8669afc50226673cad494f16a668b515ab24bf709"
"md","checklist","bmm","bmm/workflows/4-implementation/create-story/checklist.md","0d26d8426331fd35b84ac2cb640f698c0b58d92ae40c658bdba78941b99b8aad"
"md","checklist","bmm","bmm/workflows/4-implementation/dev-story/checklist.md","630b68c6824a8785003a65553c1f335222b17be93b1bd80524c23b38bde1d8af"
"md","checklist","bmm","bmm/workflows/4-implementation/sprint-planning/checklist.md","80b10aedcf88ab1641b8e5f99c9a400c8fd9014f13ca65befc5c83992e367dd7"
"md","checklist","bmm","bmm/workflows/document-project/checklist.md","581b0b034c25de17ac3678db2dbafedaeb113de37ddf15a4df6584cf2324a7d7"
"md","checklist","bmm","bmm/workflows/qa-generate-e2e-tests/checklist.md","83cd779c6527ff34184dc86f9eebfc0a8a921aee694f063208aee78f80a8fb12"
"md","deep-dive-instructions","bmm","bmm/workflows/document-project/workflows/deep-dive-instructions.md","48b947d438c29a44bfda2ec3c05efcc987397055dc143a49d44c9d4174b7ac09"
"md","deep-dive-template","bmm","bmm/workflows/document-project/templates/deep-dive-template.md","6198aa731d87d6a318b5b8d180fc29b9aa53ff0966e02391c17333818e94ffe9"
"md","epics-template","bmm","bmm/workflows/3-solutioning/create-epics-and-stories/templates/epics-template.md","b8ec5562b2a77efd80c40eba0421bbaab931681552e5a0ff01cd93902c447ff7"
"md","full-scan-instructions","bmm","bmm/workflows/document-project/workflows/full-scan-instructions.md","419912da2b9ea5642c5eff1805f07b8dc29138c23fba0d1092da75506e5e29fb"
"md","index-template","bmm","bmm/workflows/document-project/templates/index-template.md","42c8a14f53088e4fda82f26a3fe41dc8a89d4bcb7a9659dd696136378b64ee90"
"md","instructions","bmm","bmm/workflows/4-implementation/correct-course/instructions.md","9e239bb0653ef06846b03458c4d341fe5b82b173344c0a65cf226b989ac91313"
"md","instructions","bmm","bmm/workflows/4-implementation/retrospective/instructions.md","8dbd18308a8bafc462759934125725222e09c48de2e9af3cde73789867293def"
"md","instructions","bmm","bmm/workflows/4-implementation/sprint-planning/instructions.md","888312e225ce1944c21a98fbf49c4f118967b3676b23919906bdeda1132a2833"
"md","instructions","bmm","bmm/workflows/4-implementation/sprint-status/instructions.md","d4b7107ddbe33fb5dfc68a626c55585837743c39d171c73052cd93532c35c11d"
"md","instructions","bmm","bmm/workflows/document-project/instructions.md","57762fb89b42df577da1188bc881cf3a8d75a1bcc60bce9e1ab2b8bcfdf29a66"
"md","instructions","bmm","bmm/workflows/qa-generate-e2e-tests/instructions.md","3f3505f847f943b2f4a0699017c16e15fa3782f51090a0332304d7248e020e0c"
"md","prd-purpose","bmm","bmm/workflows/2-plan-workflows/create-prd/data/prd-purpose.md","49c4641b91504bb14e3887029b70beacaff83a2de200ced4f8cb11c1356ecaee"
"md","prd-template","bmm","bmm/workflows/2-plan-workflows/create-prd/templates/prd-template.md","7ccccab9c06a626b7a228783b0b9b6e4172e9ec0b10d47bbfab56958c898f837"
"md","product-brief.template","bmm","bmm/workflows/1-analysis/create-product-brief/product-brief.template.md","ae0f58b14455efd75a0d97ba68596a3f0b58f350cd1a0ee5b1af69540f949781"
"md","project-context-template","bmm","bmm/data/project-context-template.md","facd60b71649247146700b1dc7d709fa0ae09487f7cf2b5ff8f5ce1b3a8427e8"
"md","project-context-template","bmm","bmm/workflows/generate-project-context/project-context-template.md","54e351394ceceb0ac4b5b8135bb6295cf2c37f739c7fd11bb895ca16d79824a5"
"md","project-overview-template","bmm","bmm/workflows/document-project/templates/project-overview-template.md","a7c7325b75a5a678dca391b9b69b1e3409cfbe6da95e70443ed3ace164e287b2"
"md","readiness-report-template","bmm","bmm/workflows/3-solutioning/check-implementation-readiness/templates/readiness-report-template.md","0da97ab1e38818e642f36dc0ef24d2dae69fc6e0be59924dc2dbf44329738ff6"
"md","research.template","bmm","bmm/workflows/1-analysis/research/research.template.md","507bb6729476246b1ca2fca4693986d286a33af5529b6cd5cb1b0bb5ea9926ce"
"md","source-tree-template","bmm","bmm/workflows/document-project/templates/source-tree-template.md","109bc335ebb22f932b37c24cdc777a351264191825444a4d147c9b82a1e2ad7a"
"md","step-01-discover","bmm","bmm/workflows/generate-project-context/steps/step-01-discover.md","4fa1d13ec3c6db8560b6b1316b822ec2163a58b114b44e9aff733b171ef50ebe"
"md","step-01-document-discovery","bmm","bmm/workflows/3-solutioning/check-implementation-readiness/steps/step-01-document-discovery.md","9204972d801c28a76433230942c81bacc171e6b6951d3226cea9e7ca5c9310f1"
"md","step-01-init","bmm","bmm/workflows/1-analysis/create-product-brief/steps/step-01-init.md","1d8a0a692c78b01535fad65b18c178a566ffa4c62d5b920c7cadea23ceb9697a"
"md","step-01-init","bmm","bmm/workflows/1-analysis/research/domain-steps/step-01-init.md","b21ec2af60870caba5447183424b720e98d1b9232526d26b8d7b11e9f165c52c"
"md","step-01-init","bmm","bmm/workflows/1-analysis/research/market-steps/step-01-init.md","b2b030bc59dfe516e67f19d66f9c6d44d745343ccf2d726d4106290704aecdbd"
"md","step-01-init","bmm","bmm/workflows/1-analysis/research/technical-steps/step-01-init.md","aa809f6b4f152940792f7b4d95f424aaf8c9ebd7628f553486d1bd55b68f9567"
"md","step-01-init","bmm","bmm/workflows/2-plan-workflows/create-prd/steps-c/step-01-init.md","6ad502fa5bf5639eaf6a42e8f0bc0f2b811e0a3fd2ae3a24ed3333365f99e23c"
"md","step-01-init","bmm","bmm/workflows/2-plan-workflows/create-ux-design/steps/step-01-init.md","e76defb842ed5478ec16b35d6566f5ab7ecd8118b92b240a40ab9a7a1e7d3d0b"
"md","step-01-init","bmm","bmm/workflows/3-solutioning/create-architecture/steps/step-01-init.md","b270fd38b2144acb87e07c7496929ddd096717fc6f141736c2e9d1f574458314"
"md","step-01-mode-detection","bmm","bmm/workflows/bmad-quick-flow/quick-dev/steps/step-01-mode-detection.md","4c3843e94643e8231adf460554d39551b0dcbd21ea875c20e55373f91d91381f"
"md","step-01-understand","bmm","bmm/workflows/bmad-quick-flow/quick-spec/steps/step-01-understand.md","24c2d3d3703a9330994a7008a93327702f9551453b0d373476ee83e15d10a514"
"md","step-01-validate-prerequisites","bmm","bmm/workflows/3-solutioning/create-epics-and-stories/steps/step-01-validate-prerequisites.md","5ba8ba972e8376339ed2c9b75e4f98125521af0270bb5dff6e47ec73137e01de"
"md","step-01b-continue","bmm","bmm/workflows/1-analysis/create-product-brief/steps/step-01b-continue.md","c32490fda5f5a3d5c278baad8e9f4bd793e03429a5bf42c31719e0d90c9a3973"
"md","step-01b-continue","bmm","bmm/workflows/2-plan-workflows/create-prd/steps-c/step-01b-continue.md","5afc3f34f6089a03e9c9a88f13cb41617a7ef163db15c2b39b31ab6908bfa7d6"
"md","step-01b-continue","bmm","bmm/workflows/2-plan-workflows/create-ux-design/steps/step-01b-continue.md","07703fb9ddacf143e7f9cd21e69edc7cf087052d1dc5841674c122d18bb3b956"
"md","step-01b-continue","bmm","bmm/workflows/3-solutioning/create-architecture/steps/step-01b-continue.md","438f14332117c74e5d12f7630690ada4eae4fdcd04e4f47dc689915fe757f101"
"md","step-02-context","bmm","bmm/workflows/3-solutioning/create-architecture/steps/step-02-context.md","647fe1b6acc7f8cc8520bdb83654163db52328b6556c740880f42f119c9e1dcf"
"md","step-02-context-gathering","bmm","bmm/workflows/bmad-quick-flow/quick-dev/steps/step-02-context-gathering.md","1c4df806dea12554aae0240e5baf5c1cffa5948d0998c8e2c4a93df40d7c42ef"
"md","step-02-customer-behavior","bmm","bmm/workflows/1-analysis/research/market-steps/step-02-customer-behavior.md","93d20ddbd5506bc1d604c3ce56b42185bfe6f34402c45760e4cb7bec627f52e9"
"md","step-02-design-epics","bmm","bmm/workflows/3-solutioning/create-epics-and-stories/steps/step-02-design-epics.md","2c18d76a9b73eae8b9f552cd4252f8208a0c017624ddbaf6bcbe7b28ddfa217e"
"md","step-02-discovery","bmm","bmm/workflows/2-plan-workflows/create-prd/steps-c/step-02-discovery.md","4bd36411c2fa6d49057ff88d31bb70584dc572f3dd37a875ef6ce8c800d6ad71"
"md","step-02-discovery","bmm","bmm/workflows/2-plan-workflows/create-ux-design/steps/step-02-discovery.md","e24f22831bc612991a8b173dd2dbb1c887823041a9d83228f79c3fe06de680ba"
"md","step-02-domain-analysis","bmm","bmm/workflows/1-analysis/research/domain-steps/step-02-domain-analysis.md","9c4eabbed87b6bfc4636c98e96e551f69af7ef78a92b3f99ac6faa90a921c4c5"
"md","step-02-generate","bmm","bmm/workflows/generate-project-context/steps/step-02-generate.md","f881e84c685a356e54c57e8d26efbaaa91df3c1cdc1945b32ffd3c8fbbee6983"
"md","step-02-investigate","bmm","bmm/workflows/bmad-quick-flow/quick-spec/steps/step-02-investigate.md","bacc264e95c273d17c7f9ffcf820b5924bab48e04824da69f125aadb86d70273"
"md","step-02-prd-analysis","bmm","bmm/workflows/3-solutioning/check-implementation-readiness/steps/step-02-prd-analysis.md","f8c4f293c0a040fa9f73829ffeabfa073d0a8ade583adaefb26431ec83a76398"
"md","step-02-technical-overview","bmm","bmm/workflows/1-analysis/research/technical-steps/step-02-technical-overview.md","a8b8c49649087e8d5afa278840bfe3ed2e8203c820dbe7878ac7571956d940e0"
"md","step-02-vision","bmm","bmm/workflows/1-analysis/create-product-brief/steps/step-02-vision.md","4eb2d30f3b05c725490d8d298ab1ccdf638019c0b0e39996fdcdbf1fda5b7933"
"md","step-02b-vision","bmm","bmm/workflows/2-plan-workflows/create-prd/steps-c/step-02b-vision.md","04b8122cdb9438fdbfb5480934bdbd288f41cab9ed2aa362c910e362a29027a4"
"md","step-02c-executive-summary","bmm","bmm/workflows/2-plan-workflows/create-prd/steps-c/step-02c-executive-summary.md","52ee677ed43cc034945bb0761c8162d9070087550ef4b9070d3cf6abba74ea0e"
"md","step-03-competitive-landscape","bmm","bmm/workflows/1-analysis/research/domain-steps/step-03-competitive-landscape.md","93b8fb9b174cc8dca87bd18dafda7a6ee23727874e7eb86106fd40d7daeb6fb0"
"md","step-03-complete","bmm","bmm/workflows/generate-project-context/steps/step-03-complete.md","cf8d1d1904aeddaddb043c3c365d026cd238891cd702c2b78bae032a8e08ae17"
"md","step-03-core-experience","bmm","bmm/workflows/2-plan-workflows/create-ux-design/steps/step-03-core-experience.md","d44b618b75d60e3fc26b1f5ed1f5f92613194579914e522fbd09d40ab3a3e1f3"
"md","step-03-create-stories","bmm","bmm/workflows/3-solutioning/create-epics-and-stories/steps/step-03-create-stories.md","e6deb22291f05a96e56f5cb3ab88eca3bb6df564208edd8fcc693d4c27139f29"
"md","step-03-customer-pain-points","bmm","bmm/workflows/1-analysis/research/market-steps/step-03-customer-pain-points.md","4a224fb63d2814a1e2df9b82e42cb2573dc7ffacdf4e61a14a4763c433431a16"
"md","step-03-epic-coverage-validation","bmm","bmm/workflows/3-solutioning/check-implementation-readiness/steps/step-03-epic-coverage-validation.md","f425bcac163b9ea63a004039ff65fffea3499d9e01a2821bb11e0e17e6b6fc52"
"md","step-03-execute","bmm","bmm/workflows/bmad-quick-flow/quick-dev/steps/step-03-execute.md","852fe6239e0322081d5208be4737bad0c15ab08f0c8b93fbddb94491b9931a01"
"md","step-03-generate","bmm","bmm/workflows/bmad-quick-flow/quick-spec/steps/step-03-generate.md","19f5d60629298536f98f1ed1025002836e02a49a30aebed0ed300a40f64f5dd6"
"md","step-03-integration-patterns","bmm","bmm/workflows/1-analysis/research/technical-steps/step-03-integration-patterns.md","bb034b20b8c325c1948aa1c7350f0b7e68601a08ec72eb09884e4dae5d94554d"
"md","step-03-starter","bmm","bmm/workflows/3-solutioning/create-architecture/steps/step-03-starter.md","ad3ed7961446fe69249d46158df290d1aa8846ef490da1f93b5edf4ac80f23d1"
"md","step-03-success","bmm","bmm/workflows/2-plan-workflows/create-prd/steps-c/step-03-success.md","188c00f792f3dc6ef4f0f366743b810796dcbc79404327a5aa52da14cc41da70"
"md","step-03-users","bmm","bmm/workflows/1-analysis/create-product-brief/steps/step-03-users.md","1a73be748142bc05a468610f3c824442c794f6d81fc159cebf2497b2c3d3d2af"
"md","step-04-architectural-patterns","bmm","bmm/workflows/1-analysis/research/technical-steps/step-04-architectural-patterns.md","81e4e6f5c6048379ea45d0d4288a7247ff46855653ec6fccf5bbef0e78778ca9"
"md","step-04-customer-decisions","bmm","bmm/workflows/1-analysis/research/market-steps/step-04-customer-decisions.md","8a0c46828854693a7de16e148c3c9eb08b42409a2676b9a44b3cdffe06a577b3"
"md","step-04-decisions","bmm","bmm/workflows/3-solutioning/create-architecture/steps/step-04-decisions.md","d8cfd42f2fc9ef52337673c6f57d9cb3fc21e06ba4459ec7e6f68d68c4362649"
"md","step-04-emotional-response","bmm","bmm/workflows/2-plan-workflows/create-ux-design/steps/step-04-emotional-response.md","003e18f5f89e672d5b34aa95b31d10865ec3a1a32117f03c2402258d7c18f618"
"md","step-04-final-validation","bmm","bmm/workflows/3-solutioning/create-epics-and-stories/steps/step-04-final-validation.md","d1ce315d9045ae7f9cbc9df29f9c5c95f9617f56936b0ab7a36ced5bc96856e7"
"md","step-04-journeys","bmm","bmm/workflows/2-plan-workflows/create-prd/steps-c/step-04-journeys.md","3367b54b32865c6c764ce9872db06195551c16aab9f7d57d16e0e8f0f6415aae"
"md","step-04-metrics","bmm","bmm/workflows/1-analysis/create-product-brief/steps/step-04-metrics.md","52eaa6538732505db392527db1179e2a5cc95bcb9721de0f6edca4f48af0d9d1"
"md","step-04-regulatory-focus","bmm","bmm/workflows/1-analysis/research/domain-steps/step-04-regulatory-focus.md","179a82a4fdc32274a2ad3ce501b1b54ca1925b7ce9bcaad35503a9dd080e866a"
"md","step-04-review","bmm","bmm/workflows/bmad-quick-flow/quick-spec/steps/step-04-review.md","aa246ba5793f3a1c6dd434b388b41ccfb9e675bb55664a900a4eb2486e2a40e3"
"md","step-04-self-check","bmm","bmm/workflows/bmad-quick-flow/quick-dev/steps/step-04-self-check.md","0dde0d5c75c3884d6b4d3380263721ad63e02c3d438a100cba3d5da4957c271b"
"md","step-04-ux-alignment","bmm","bmm/workflows/3-solutioning/check-implementation-readiness/steps/step-04-ux-alignment.md","d2e15adf2aecc2c72f9bb9051e94042fc522fd7cfb16376f41bdcdd294319703"
"md","step-05-adversarial-review","bmm","bmm/workflows/bmad-quick-flow/quick-dev/steps/step-05-adversarial-review.md","57adb9395ed45b870bdbc1cad1aaeb065cd3bd7a4a6b0f94b193cb02926495eb"
"md","step-05-competitive-analysis","bmm","bmm/workflows/1-analysis/research/market-steps/step-05-competitive-analysis.md","ff6f606a80ffaf09aa325e38a4ceb321b97019e6542241b2ed4e8eb38b35efa8"
"md","step-05-domain","bmm","bmm/workflows/2-plan-workflows/create-prd/steps-c/step-05-domain.md","65db86b8bd1f9a899a3cb0e8a3d52aeeb2cd8d8c57196479f6353bd3ae0f4da6"
"md","step-05-epic-quality-review","bmm","bmm/workflows/3-solutioning/check-implementation-readiness/steps/step-05-epic-quality-review.md","e7fd60676d6ade485de77ce2dd4229811912594cb924d6c15bae5d9bdf105a7d"
"md","step-05-implementation-research","bmm","bmm/workflows/1-analysis/research/technical-steps/step-05-implementation-research.md","438a235bcb2dbbacb4c38d440b1636a208d4cbe8b5d109cb850cbdfb564b9071"
"md","step-05-inspiration","bmm","bmm/workflows/2-plan-workflows/create-ux-design/steps/step-05-inspiration.md","dadb7b2199dea4765cfd6cdeb7472937356cd558003e6562cec7c1b954a2cda9"
"md","step-05-patterns","bmm","bmm/workflows/3-solutioning/create-architecture/steps/step-05-patterns.md","6d64951770c748386274c9e12faec8aedded72031160140fc3380c976fbe0b7c"
"md","step-05-scope","bmm","bmm/workflows/1-analysis/create-product-brief/steps/step-05-scope.md","1a2a0698f8e044b6ce2e5efc9ed42f86dc52fa350315abff10f1dbd272dbcd95"
"md","step-05-technical-trends","bmm","bmm/workflows/1-analysis/research/domain-steps/step-05-technical-trends.md","210ef479757881d418db392ac38442d4df9033dedab7bdf8965503a83430ab55"
"md","step-06-complete","bmm","bmm/workflows/1-analysis/create-product-brief/steps/step-06-complete.md","ff7c1a20baa0d3773fd8c074b27491b2fcfbf08d0840751f33f857e9eb32b29e"
"md","step-06-design-system","bmm","bmm/workflows/2-plan-workflows/create-ux-design/steps/step-06-design-system.md","2cf18704a2e46ebd344ddc5197e9a2584d5735997e51a79aa9a18f6356c0620a"
"md","step-06-final-assessment","bmm","bmm/workflows/3-solutioning/check-implementation-readiness/steps/step-06-final-assessment.md","b2dbf24e1fa987f092c5e219099b4749c969ef6e909e0f507ced9ab44490ccde"
"md","step-06-innovation","bmm","bmm/workflows/2-plan-workflows/create-prd/steps-c/step-06-innovation.md","67bd616f34f56bcd01d68f9254ca234bf7b5f7d4dae21c562078010b87d47207"
"md","step-06-research-completion","bmm","bmm/workflows/1-analysis/research/market-steps/step-06-research-completion.md","ddc239b81dc76148b5b41741b3ca0d6d4a1f781e1db5e50d2c6b4222dd64eda9"
"md","step-06-research-synthesis","bmm","bmm/workflows/1-analysis/research/domain-steps/step-06-research-synthesis.md","ae7ea9eec7f763073e4e1ec7ef0dd247a2c9c8f8172c84cbcb0590986c67caa2"
"md","step-06-research-synthesis","bmm","bmm/workflows/1-analysis/research/technical-steps/step-06-research-synthesis.md","01d94ed48e86317754d1dafb328d57bd1ce8832c1f443bfd62413bbd07dcf3a1"
"md","step-06-resolve-findings","bmm","bmm/workflows/bmad-quick-flow/quick-dev/steps/step-06-resolve-findings.md","e657af6e3687e15852c860f018b73aa263bdcf6b9d544771a8c0c715581a2c99"
"md","step-06-structure","bmm","bmm/workflows/3-solutioning/create-architecture/steps/step-06-structure.md","efeb67ef10fab2050fe0a4845c868dc6ae036c98302daca22824436ea05b09e3"
"md","step-07-defining-experience","bmm","bmm/workflows/2-plan-workflows/create-ux-design/steps/step-07-defining-experience.md","d76323e59961efede2f4cb32c6837190fe4b218cf63d21f7a956f1acf92203c8"
"md","step-07-project-type","bmm","bmm/workflows/2-plan-workflows/create-prd/steps-c/step-07-project-type.md","2c2aae55e93bf31b3882cc6c24336cfc3cb1a753b96aa62121fff024e1d28fc0"
"md","step-07-validation","bmm","bmm/workflows/3-solutioning/create-architecture/steps/step-07-validation.md","a01726c23d82ca08915b1236b27a20fce6e35bf6ea858647579af405fbba88df"
"md","step-08-complete","bmm","bmm/workflows/3-solutioning/create-architecture/steps/step-08-complete.md","74844f0361750650b771cf64b4f824c2b47b9996b30072099c1cff1e6efe8789"
"md","step-08-scoping","bmm","bmm/workflows/2-plan-workflows/create-prd/steps-c/step-08-scoping.md","c6fd282a7ce026b4e50264032fe6489e99b14a1ac1b6db519e17ed82d9675ab3"
"md","step-08-visual-foundation","bmm","bmm/workflows/2-plan-workflows/create-ux-design/steps/step-08-visual-foundation.md","6e4546a98e0fc92c2afd6c55d278a71133c598dfd02bd6fc8498d06084a075e2"
"md","step-09-design-directions","bmm","bmm/workflows/2-plan-workflows/create-ux-design/steps/step-09-design-directions.md","cf00ac2918ee4f255bfbd9eb0a326f23edc705018a8ea0e40c8f1e0a70e0a554"
"md","step-09-functional","bmm","bmm/workflows/2-plan-workflows/create-prd/steps-c/step-09-functional.md","20e671f3f4731d9cd9aadd6bc4f88adff01859604fed44ede88c231b4afdc279"
"md","step-10-nonfunctional","bmm","bmm/workflows/2-plan-workflows/create-prd/steps-c/step-10-nonfunctional.md","1f0ede8c828a8b213bb8954e4c42aed7b1c42921264eb6a5c132f563a5cc9e07"
"md","step-10-user-journeys","bmm","bmm/workflows/2-plan-workflows/create-ux-design/steps/step-10-user-journeys.md","ae69afbc497dfd9a4d1197182d67090151f21463994fee1c404bf5ad1cd12331"
"md","step-11-component-strategy","bmm","bmm/workflows/2-plan-workflows/create-ux-design/steps/step-11-component-strategy.md","4c40ceb394d6595c192942a5b2d8622f2cbbcd7a3cf1b96156c61769b94b2816"
"md","step-11-polish","bmm","bmm/workflows/2-plan-workflows/create-prd/steps-c/step-11-polish.md","69b2b889f348cf53cb5f1f34021d74be4a68ff6aeed7b659b1db04a1cc52b62c"
"md","step-12-complete","bmm","bmm/workflows/2-plan-workflows/create-prd/steps-c/step-12-complete.md","7ef315f148a1611bb454a5e57163bc529b0502f64a8b0018acca6d0ba60e49d8"
"md","step-12-ux-patterns","bmm","bmm/workflows/2-plan-workflows/create-ux-design/steps/step-12-ux-patterns.md","220721526de1bc0d1b8efcdd15e33526e4dccfd7e2968d0518b0501d50e8d818"
"md","step-13-responsive-accessibility","bmm","bmm/workflows/2-plan-workflows/create-ux-design/steps/step-13-responsive-accessibility.md","70ce19ef0c3ccef894c43e7c206b70a572995267f6b280402270fc37a9bff5d6"
"md","step-14-complete","bmm","bmm/workflows/2-plan-workflows/create-ux-design/steps/step-14-complete.md","0869e6b5d4f4fcbe6cd1df0c7c0b4bb7a2817c7c0dd6a5f88062332ab2e1752b"
"md","step-e-01-discovery","bmm","bmm/workflows/2-plan-workflows/create-prd/steps-e/step-e-01-discovery.md","2bc88c9480ac5986c06672533ab2080b1ee01086033c8e441a8c80551c8a99ee"
"md","step-e-01b-legacy-conversion","bmm","bmm/workflows/2-plan-workflows/create-prd/steps-e/step-e-01b-legacy-conversion.md","e6bbe9020e6986a620fc0299a48e6c31c9d1ec14691df11be71baeb79837bc92"
"md","step-e-02-review","bmm","bmm/workflows/2-plan-workflows/create-prd/steps-e/step-e-02-review.md","b2660d88a445dc3f8f168f96ca92d4a1a36949e3b39fbf6cda5c77129636d9b1"
"md","step-e-03-edit","bmm","bmm/workflows/2-plan-workflows/create-prd/steps-e/step-e-03-edit.md","dfcc3e4f0b1ec050d4985af04dc02b28174a995e95327ca01ae4b8cac10cc1e5"
"md","step-e-04-complete","bmm","bmm/workflows/2-plan-workflows/create-prd/steps-e/step-e-04-complete.md","a1100f8639120311cbaf5a5a880db4e137216bc4bd0110b0926004107a99d3c3"
"md","step-v-01-discovery","bmm","bmm/workflows/2-plan-workflows/create-prd/steps-v/step-v-01-discovery.md","bd3353377451ab6ebffdb94895c4e089fb2e5dce4ecb33c5b69f42f71022ea1f"
"md","step-v-02-format-detection","bmm","bmm/workflows/2-plan-workflows/create-prd/steps-v/step-v-02-format-detection.md","251ea5a1cf7779db2dc39d5d8317976a27f84b421359c1974ae96c0943094341"
"md","step-v-02b-parity-check","bmm","bmm/workflows/2-plan-workflows/create-prd/steps-v/step-v-02b-parity-check.md","3481beae212bb0140c105d0ae87bb9714859c93a471048048512fd1278da2fcd"
"md","step-v-03-density-validation","bmm","bmm/workflows/2-plan-workflows/create-prd/steps-v/step-v-03-density-validation.md","5b95ecd032fb65f86b7eee7ce7c30c997dc2a8b5e4846d88c2853538591a9e40"
"md","step-v-04-brief-coverage-validation","bmm","bmm/workflows/2-plan-workflows/create-prd/steps-v/step-v-04-brief-coverage-validation.md","97eb248c7d67e6e5121dd0b020409583998fba433799ea4c5c8cb40c7ff9c7c1"
"md","step-v-05-measurability-validation","bmm","bmm/workflows/2-plan-workflows/create-prd/steps-v/step-v-05-measurability-validation.md","2f331ee6d4f174dec0e4b434bf7691bfcf3a13c6ee0c47a65989badaa6b6a28c"
"md","step-v-06-traceability-validation","bmm","bmm/workflows/2-plan-workflows/create-prd/steps-v/step-v-06-traceability-validation.md","970ea67486211a611a701e1490ab7e8f2f98060a9f78760b6ebfdb9f37743c74"
"md","step-v-07-implementation-leakage-validation","bmm","bmm/workflows/2-plan-workflows/create-prd/steps-v/step-v-07-implementation-leakage-validation.md","f75d1d808fdf3d61b15bea55418b82df747f45902b6b22fe541e83b4ea3fa465"
"md","step-v-08-domain-compliance-validation","bmm","bmm/workflows/2-plan-workflows/create-prd/steps-v/step-v-08-domain-compliance-validation.md","a1902baaf4eaaf946e5c2c2101a1ac46f8ee4397e599218b8dc030cd00c97512"
"md","step-v-09-project-type-validation","bmm","bmm/workflows/2-plan-workflows/create-prd/steps-v/step-v-09-project-type-validation.md","d53e95264625335184284d3f9d0fc6e7674f67bdf97e19362fc33df4bea7f096"
"md","step-v-10-smart-validation","bmm","bmm/workflows/2-plan-workflows/create-prd/steps-v/step-v-10-smart-validation.md","22d48a72bc599f45bbf8c3e81d651d3a1265a6450866c0689bf287f43d7874a4"
"md","step-v-11-holistic-quality-validation","bmm","bmm/workflows/2-plan-workflows/create-prd/steps-v/step-v-11-holistic-quality-validation.md","1022a1454aadff28e39fd5fa71dd76d8eefccfe438b9ef517a19b44d935c0f5b"
"md","step-v-12-completeness-validation","bmm","bmm/workflows/2-plan-workflows/create-prd/steps-v/step-v-12-completeness-validation.md","c966933a0ca3753db75591325cef4d4bdaf9639a1a63f9438758d32f7e1a1dda"
"md","step-v-13-report-complete","bmm","bmm/workflows/2-plan-workflows/create-prd/steps-v/step-v-13-report-complete.md","5bc59c257927becf116b0ee5eddbcc29d3b36ee05bf6c9de826fdacb45cf5dad"
"md","tech-spec-template","bmm","bmm/workflows/bmad-quick-flow/quick-spec/tech-spec-template.md","6e0ac4991508fec75d33bbe36197e1576d7b2a1ea7ceba656d616e7d7dadcf03"
"md","template","bmm","bmm/workflows/4-implementation/create-story/template.md","29ba697368d77e88e88d0e7ac78caf7a78785a7dcfc291082aa96a62948afb67"
"md","ux-design-template","bmm","bmm/workflows/2-plan-workflows/create-ux-design/ux-design-template.md","ffa4b89376cd9db6faab682710b7ce755990b1197a8b3e16b17748656d1fca6a"
"md","workflow","bmm","bmm/workflows/1-analysis/create-product-brief/workflow.md","3b0efaebdc6440dc75c6a24c17cbbf8dfb9583bf089f64408a4acf1674d483ad"
"md","workflow","bmm","bmm/workflows/2-plan-workflows/create-ux-design/workflow.md","21298564b342294f62339eda1b81aad392fca43e10e48f924a69cc3414dfb32d"
"md","workflow","bmm","bmm/workflows/3-solutioning/check-implementation-readiness/workflow.md","15ccd00030fa9cf406d50d6a2bd43a8966f1112a1d6fbc5be410c39f3f546a26"
"md","workflow","bmm","bmm/workflows/3-solutioning/create-architecture/workflow.md","4c1463096de99ed9130e73161744240a246bd08f6e6b72d1f2a2e606ac910394"
"md","workflow","bmm","bmm/workflows/3-solutioning/create-epics-and-stories/workflow.md","0e25a2680563be198875936db9c80c40f483b1e199050a89aef20ccb2a5b7377"
"md","workflow","bmm","bmm/workflows/bmad-quick-flow/quick-dev/workflow.md","a757fd8baaf6b1279aa7b115612bb13ddaaac659aa73c581701585f7d7f1ddad"
"md","workflow","bmm","bmm/workflows/bmad-quick-flow/quick-spec/workflow.md","2a8ddcedb8952e9ee72109ce5f24c19463fe78cc9805d0bd6b69006d10a6649a"
"md","workflow","bmm","bmm/workflows/generate-project-context/workflow.md","cd5be4cd8e119c652680fd9c28add994be40c48e1fca1a78b31d10eb99a7a740"
"md","workflow-create-prd","bmm","bmm/workflows/2-plan-workflows/create-prd/workflow-create-prd.md","b4d7376adfa8a2ec5fd62da51d9b19d7da16411dcd43a81224652e784dd6646c"
"md","workflow-domain-research","bmm","bmm/workflows/1-analysis/research/workflow-domain-research.md","6f09e3bcbf6f156b9fb9477dfaf3c076f030fde3a39d8317bb2cf6316718658f"
"md","workflow-edit-prd","bmm","bmm/workflows/2-plan-workflows/create-prd/workflow-edit-prd.md","c1786ba087f0f3b2b819a58309cb0742b8a56eb94271fe870579561a721c7936"
"md","workflow-market-research","bmm","bmm/workflows/1-analysis/research/workflow-market-research.md","ad12c80e4848bee2cb20818af7970efee508abcc98b026c2f873d7fa6b5ad2a5"
"md","workflow-technical-research","bmm","bmm/workflows/1-analysis/research/workflow-technical-research.md","1b88ee75dbf6b45910d37885ebbfe7f7a6cf78215a2da9bc86067cb7a9ce4e94"
"md","workflow-validate-prd","bmm","bmm/workflows/2-plan-workflows/create-prd/workflow-validate-prd.md","fe170fe82e944eddd0fc25bf6554b5f38663907afa28e093d1c8140039c63af4"
"xml","instructions","bmm","bmm/workflows/4-implementation/code-review/instructions.xml","1a6f0ae7d69a5c27b09de3efab2b205a007b466976acdeeaebf7f3abec7feb68"
"xml","instructions","bmm","bmm/workflows/4-implementation/create-story/instructions.xml","d4edc80bd7ccc0f7a844ecb575016b79380e255a236d1182f5f7312a104f0e3a"
"xml","instructions","bmm","bmm/workflows/4-implementation/dev-story/instructions.xml","b177c039072ad5e8a54374e6a17a2074dd608fd4da047bef528e362919a0fde8"
"yaml","config","bmm","bmm/config.yaml","2ee43a66af24f798a8d26f36e9ed3f50a8be8e8d13dd66c2609bfc205812189a"
"yaml","deep-dive","bmm","bmm/workflows/document-project/workflows/deep-dive.yaml","efa8d70a594b7580f5312340f93da16f9e106419b1b1d06d2e23d6a30ef963fa"
"yaml","full-scan","bmm","bmm/workflows/document-project/workflows/full-scan.yaml","9d71cce37de1c3f43a7122f3c9705abdf3d677141698a2ab1b89a225f78f3fa9"
"yaml","sprint-status-template","bmm","bmm/workflows/4-implementation/sprint-planning/sprint-status-template.yaml","0d7fe922f21d4f00e538c265ff90e470c3e2eca761e663d84b7a1320b2f25980"
"yaml","team-fullstack","bmm","bmm/teams/team-fullstack.yaml","da8346b10dfad8e1164a11abeb3b0a84a1d8b5f04e01e8490a44ffca477a1b96"
"yaml","workflow","bmm","bmm/workflows/4-implementation/code-review/workflow.yaml","4d84f410d441e4c84cb58425e7fa0bf5216014a8272cca0da5102ffa45cfd76f"
"yaml","workflow","bmm","bmm/workflows/4-implementation/correct-course/workflow.yaml","1ac60df30f0962b7b923ed00ae77b11d7cc96e475c38e5d82da521ca32dda3f6"
"yaml","workflow","bmm","bmm/workflows/4-implementation/create-story/workflow.yaml","886c479403830bebf107b2011406b4019dbab2769b7a14987618541ef981d439"
"yaml","workflow","bmm","bmm/workflows/4-implementation/dev-story/workflow.yaml","6c819ead6d1b4bffc78d598db893c241d2dee9e41d0b5e58e3465f63baa613fd"
"yaml","workflow","bmm","bmm/workflows/4-implementation/retrospective/workflow.yaml","f69e64b620b6e172f2c5ad6ba654c4e66d7f2c6aba46f405b9ee75e68c822ed2"
"yaml","workflow","bmm","bmm/workflows/4-implementation/sprint-planning/workflow.yaml","e5a8e51cace022db18919ca819ea1c07b60a49369e24b93bd232e9a2efbf9a8f"
"yaml","workflow","bmm","bmm/workflows/4-implementation/sprint-status/workflow.yaml","375fe24859ed074a7d52a134b6c2473bdbaabb78381a193dccc7568c6dbaa680"
"yaml","workflow","bmm","bmm/workflows/document-project/workflow.yaml","5c61d95164a4b47189f7f4415bea38590458751ffab755eca5ed0ac0b30232a1"
"yaml","workflow","bmm","bmm/workflows/qa-generate-e2e-tests/workflow.yaml","150a6de81d3c0045aa5ba4c9da550f5f01f915384a2ec1c38166de86e00bd1b9"
"csv","brain-methods","core","core/workflows/brainstorming/brain-methods.csv","0ab5878b1dbc9e3fa98cb72abfc3920a586b9e2b42609211bb0516eefd542039"
"csv","methods","core","core/workflows/advanced-elicitation/methods.csv","e08b2e22fec700274982e37be608d6c3d1d4d0c04fa0bae05aa9dba2454e6141"
"csv","module-help","core","core/module-help.csv","d1d23ce883979c145ef90d95b0fac7fdd7fca1684034546000758c9237afaefb"
"md","help","core","core/tasks/help.md","f0037b3bcbce77706ccea3d960cd437fe9eb4ed94236105746f5281a90e7a533"
"md","step-01-agent-loading","core","core/workflows/party-mode/steps/step-01-agent-loading.md","04ab6b6247564f7edcd5c503f5ca7d27ae688b09bbe2e24345550963a016e9f9"
"md","step-01-session-setup","core","core/workflows/brainstorming/steps/step-01-session-setup.md","a2376d8394fb84e3b5b45c7ecfe00c8f5ae0a0737f547d03108e735e41b99412"
"md","step-01b-continue","core","core/workflows/brainstorming/steps/step-01b-continue.md","bb88e341a25e5e33d533046470a6a4e828ff427066f49bf29ccd22c507c7f726"
"md","step-02-discussion-orchestration","core","core/workflows/party-mode/steps/step-02-discussion-orchestration.md","a8a79890bd03237e20f1293045ecf06f9a62bc590f5c2d4f88e250cee40abb0b"
"md","step-02a-user-selected","core","core/workflows/brainstorming/steps/step-02a-user-selected.md","558b162466745b92687a5d6e218f243a98436dd177b2d5544846c5ff4497cc94"
"md","step-02b-ai-recommended","core","core/workflows/brainstorming/steps/step-02b-ai-recommended.md","99aa935279889f278dcb2a61ba191600a18e9db356dd8ce62f0048d3c37c9531"
"md","step-02c-random-selection","core","core/workflows/brainstorming/steps/step-02c-random-selection.md","f188c260c321c7f026051fefcd267a26ee18ce2a07f64bab7f453c0c3e483316"
"md","step-02d-progressive-flow","core","core/workflows/brainstorming/steps/step-02d-progressive-flow.md","a28c7a3edf34ceb0eea203bf7dc80f39ca04974f6d1ec243f0a088281b2e55de"
"md","step-03-graceful-exit","core","core/workflows/party-mode/steps/step-03-graceful-exit.md","bdecc33004d73238ca05d8fc9d6b86cba89833630956f53ecd82ec3715c5f0da"
"md","step-03-technique-execution","core","core/workflows/brainstorming/steps/step-03-technique-execution.md","61a2baa6499fad1877d6d424060a933760bcfaf14f2fb04828102ad4f204c9b6"
"md","step-04-idea-organization","core","core/workflows/brainstorming/steps/step-04-idea-organization.md","cec7bc5c28248afb3282d7a5fcafed184371462417326dec38b89b157e2cffa6"
"md","template","core","core/workflows/brainstorming/template.md","5c99d76963eb5fc21db96c5a68f39711dca7c6ed30e4f7d22aedee9e8bb964f9"
"md","workflow","core","core/workflows/brainstorming/workflow.md","42735298a1427314506c63bda85a2959e3736b64d8d598cd3cd16bb9781fafa8"
"md","workflow","core","core/workflows/party-mode/workflow.md","7a28f8f174ec5ef4ad3c5719acfa4bfb6ea659415b298ccf94c32a9f3f005a03"
"xml","editorial-review-prose","core","core/tasks/editorial-review-prose.xml","6380b4c2c30005519883363d050035d1e574a6e27e9200a4b244ec79845b13c6"
"xml","editorial-review-structure","core","core/tasks/editorial-review-structure.xml","4d5c60ae0024a9125331829540a6c6129f9e50f2f1fc07265a0e115fc4d52e8c"
"xml","index-docs","core","core/tasks/index-docs.xml","0f81d3c065555d8b930eab7a00e8a288a8f42c67b416f61db396b14753c32840"
"xml","review-adversarial-general","core","core/tasks/review-adversarial-general.xml","fd4d3b5ca0b9254c50ddd9b79868f3637fd6abae14416a93887b059d29474be9"
"xml","review-edge-case-hunter","core","core/tasks/review-edge-case-hunter.xml","c7f74db4af314d7af537d17b4a3a0491c4d163a601b28b2e4cd32c95502993f3"
"xml","shard-doc","core","core/tasks/shard-doc.xml","51689fddea77a37342ce06d4c5723e9d10c6178e9cbcca58ae7c6f30e3b041b2"
"xml","workflow","core","core/tasks/workflow.xml","17bca7fa63bae20aaac4768d81463a7a2de7f80b60d4d9a8f36b70821ba86cfd"
"xml","workflow","core","core/workflows/advanced-elicitation/workflow.xml","590cc3594a3b8c51c2cab3aed266d0c6b3f2a828307e6cf01653e37ac10f259b"
"yaml","config","core","core/config.yaml","545a8af32d131864b79692132df8bebe8a90fed619d390c72fb69610f28a54b0"
